table	id	class	verdict
A1	I3.1	def	SATISFIES
A1	I3.2	def	SATISFIES
A1	I3.3	def	SATISFIES
A1	I3.4	def	SATISFIES
A1	I3.5	def	SATISFIES
A1	I3.6	def	SATISFIES
A1	I3.7	def	SATISFIES
A1	I3.8	inh	SATISFIES
A1	I3.9	gate	SATISFIES
A1	I3.10	gate	SATISFIES
A1	I3.11	def	SATISFIES
A1	I3.12	thm	SATISFIES
A1	I3.13	thm	SATISFIES
A1	I3.14	thm	SATISFIES
A1	I3.15	thm	SATISFIES
A1	I3.16	thm	SATISFIES
A1	I3.17	thm	SATISFIES
A1	I3.18	inh	SATISFIES
A1	I3.19	inh	SATISFIES
A1	I3.20	thm	SATISFIES
A1	I3.21	inh	SATISFIES
A1	I3.22	thm	SATISFIES
A1	I3.23	gate	SATISFIES
A1	I3.24	inh	SATISFIES
A1	I3.25	thm	SATISFIES
A1	I3.26	thm	SATISFIES
A1	I3.27	thm	SATISFIES
A1	I3.28	thm	SATISFIES
A1	I3.29	gate	SATISFIES
A1	I3.30	thm	SATISFIES
A1	I3.31	inh	SATISFIES
A1	I3.32	thm	SATISFIES
A1	I3.33	thm	SATISFIES
A1	I3.34	thm	SATISFIES
A1	I3.35	gate	SATISFIES
A1	I3.36	gate	SATISFIES
A1	I3.37	inh	SATISFIES
A1	I3.38	inh	SATISFIES
A1	I3.39	inh	SATISFIES
A1	I3.40	inh	SATISFIES
A1	I3.41	thm	SATISFIES
A1	I3.42	thm	SATISFIES
A1	I3.43	cone	SATISFIES
A1	I3.44	kthm	SATISFIES
A1	I3.45	inh	SATISFIES
A1	I3.46	thm	SATISFIES
A1	I3.47	inh	SATISFIES
A1	I3.48	b1	SATISFIES
A1	I3.49	def	SATISFIES
A1	I3.50	inh	SATISFIES
A1	I3.51	b1	SATISFIES
A1	I3.52	inh	SATISFIES
A1	I3.53	inh	SATISFIES
A1	I3.54	b1	SATISFIES
A1	I3.55	b1	SATISFIES
A1	I3.56	b1	SATISFIES
A1	I3.57	inh	SATISFIES
A1	I3.58	b1	SATISFIES
A1	I3.60	b1	SATISFIES
A1	I3.69	inh	SATISFIES
A1	I3.73	b1	SATISFIES
A1	I3.74	b1	SATISFIES
A1	I3.75	b1	SATISFIES
A1	I3.76	inh	SATISFIES
A1	I3.78	inh	SATISFIES
A1	I3.79	inh	SATISFIES
A1	I3.80	inh	SATISFIES
A1	I3.82	inh	SATISFIES
A1	I3.83	inh	SATISFIES
A1	I3.87	inh	SATISFIES
A1	I3.88	inh	SATISFIES
A1	I3.89	inh	SATISFIES
A1	I3.92	inh	SATISFIES
A1	I3.94	inh	SATISFIES
A1	I3.95	inh	SATISFIES
A1	I3.96	nr	NOT REACHED
A1	I3.97	inh	SATISFIES
A1	I3.98	inh	SATISFIES
A1	I3.99	nr	NOT REACHED
A1	I3.101	inh	SATISFIES
A1	I3.104	nr	NOT REACHED
A1	I3.105	nr	NOT REACHED
A1	I3.111	inh	SATISFIES
A1	I3.113	def	SATISFIES
A1	I3.114	cone	SATISFIES
A1	I3.115	def	SATISFIES
A1	I3.116	cone	SATISFIES
A1	I3.118	cone	SATISFIES
A1	I3.120	thm	SATISFIES
A1	I3.121	thm	SATISFIES
A1	I3.122	thm	SATISFIES
A1	I3.124	inh	SATISFIES
A1	I3.125	inh	SATISFIES
A1	I3.126	inh	SATISFIES
A1	I3.127	inh	SATISFIES
A1	I3.128	inh	SATISFIES
A1	I3.129	gate	SATISFIES
A1	I3.130	cone	SATISFIES
A1	I3.131	cone	SATISFIES
A1	I3.132	cone	SATISFIES
A1	I3.133	d4f	FAILS
A1	I3.134	nr	NOT REACHED
A1	I3.135	d4f	FAILS
A1	I3.136	nr	NOT REACHED
A1	I3.137	dna	FAILS
A1	I3.138	d4s	SATISFIES
A1	I3.139	d4v	SATISFIES
A1	I3.140	d4v	SATISFIES
A1	I3.141	nr	NOT REACHED
A1	I3.142	dna	FAILS
A1	I3.143	def	SATISFIES
A1	I3.144	dna	FAILS
A1	I3.145	nr	NOT REACHED
A1	I3.146	nr	NOT REACHED
A1	I3.147	cone	SATISFIES
A1	I3.148	cone	SATISFIES
A1	I3.149	cone	SATISFIES
A1	I3.150	dna	FAILS
A1	I3.151	dna	FAILS
A1	I3.152	dna	FAILS
A1	I3.153	dna	FAILS
A1	I3.154	nr	NOT REACHED
A1	I3.155	dna	FAILS
A1	I3.156	cone	SATISFIES
A1	I3.157	nr	NOT REACHED
A1	I3.158	nr	NOT REACHED
A1	I3.159	cone	SATISFIES
A1	I3.160	cand	FAILS
A1	I3.161	cand	FAILS
A1	I3.164	inh	SATISFIES
A1	I3.165	dna	FAILS
A1	I3.166	inh	SATISFIES
A1	I3.167	inh	SATISFIES
A1	I3.168	inh	SATISFIES
A1	I3.169	inh	SATISFIES
A1	I3.170	b1	SATISFIES
A1	I3.171	b1	SATISFIES
A1	I3.172	b1	SATISFIES
A1	I3.173	inh	SATISFIES
A1	I3.185	thm	SATISFIES
A1	I3.186	inh	SATISFIES
A1	I3.187	d4v	SATISFIES
A1	I4.236	inh	SATISFIES
A1	I1.17	hmg	NOT REACHED
A1	I4.3	hmg	NOT REACHED
A1	I4.4	hmg	NOT REACHED
A1	I4.14	hmg	NOT REACHED
A1	I4.29	hmg	NOT REACHED
A1	I4.31	hmg	NOT REACHED
A1	I4.42	hmg	NOT REACHED
A1	I4.45	hmg	NOT REACHED
A1	I4.56	hmg	NOT REACHED
A1	I4.65	hmg	NOT REACHED
A1	I4.66	hmg	NOT REACHED
A1	I4.67	hmg	NOT REACHED
A1	I4.68	hmg	NOT REACHED
A1	I4.69	hmg	NOT REACHED
A1	I4.70	hmg	NOT REACHED
A1	I4.73	hmg	NOT REACHED
A1	I4.74	hmg	NOT REACHED
A1	I4.80	hmg	NOT REACHED
A1	I4.82	hmg	NOT REACHED
A1	I4.85	hmg	NOT REACHED
A1	I4.87	hmg	NOT REACHED
A1	I4.88	hmg	NOT REACHED
A1	I4.96	hmg	NOT REACHED
A1	I4.99	hmg	NOT REACHED
A1	I4.102	hmg	NOT REACHED
A1	I4.110	hmg	NOT REACHED
A1	I4.115	hmg	NOT REACHED
A1	I4.118	hmg	NOT REACHED
A1	I4.120	hmg	NOT REACHED
A1	I4.123	hmg	NOT REACHED
A1	I4.124	hmg	NOT REACHED
A1	I4.127	hmg	NOT REACHED
A1	I4.128	hmg	NOT REACHED
A1	I4.133	hmg	NOT REACHED
A1	I4.137	hmg	NOT REACHED
A1	I4.143	hmg	NOT REACHED
A1	I4.144	hmg	NOT REACHED
A1	I4.179	hmg	NOT REACHED
A1	I4.187	hmg	NOT REACHED
A1	I4.210	hmg	NOT REACHED
A1	I4.215	hmg	NOT REACHED
A1	I4.216	hmg	NOT REACHED
A1	I4.241	hmg	NOT REACHED
A1	I4.244	hmg	NOT REACHED
A1	I4.245	hmg	NOT REACHED
A1	I2.3	hmg	NOT REACHED
A1	I2.29	hmg	NOT REACHED
A1	I2.30	hmg	NOT REACHED
A1	I2.31	hmg	NOT REACHED
A1	I2.32	hmg	NOT REACHED
A1	I2.33	hmg	NOT REACHED
A1	I2.34	hmg	NOT REACHED
A1	I2.35	hmg	NOT REACHED
A1	I2.62	hmg	NOT REACHED
A1	I2.63	hmg	NOT REACHED
A1	I2.69	hmg	NOT REACHED
A2	I3.1	def	SATISFIES
A2	I3.2	def	SATISFIES
A2	I3.3	def	SATISFIES
A2	I3.4	def	SATISFIES
A2	I3.5	def	SATISFIES
A2	I3.6	def	SATISFIES
A2	I3.7	def	SATISFIES
A2	I3.8	inh	SATISFIES
A2	I3.9	gate	SATISFIES
A2	I3.10	gate	SATISFIES
A2	I3.11	def	SATISFIES
A2	I3.12	thm	SATISFIES
A2	I3.13	thm	SATISFIES
A2	I3.14	thm	SATISFIES
A2	I3.15	thm	SATISFIES
A2	I3.16	thm	SATISFIES
A2	I3.17	thm	SATISFIES
A2	I3.18	inh	SATISFIES
A2	I3.19	inh	SATISFIES
A2	I3.20	thm	SATISFIES
A2	I3.21	inh	SATISFIES
A2	I3.22	thm	SATISFIES
A2	I3.23	gate	SATISFIES
A2	I3.24	inh	SATISFIES
A2	I3.25	thm	SATISFIES
A2	I3.26	thm	SATISFIES
A2	I3.27	thm	SATISFIES
A2	I3.28	thm	SATISFIES
A2	I3.29	gate	SATISFIES
A2	I3.30	thm	SATISFIES
A2	I3.31	inh	SATISFIES
A2	I3.32	thm	SATISFIES
A2	I3.33	thm	SATISFIES
A2	I3.34	thm	SATISFIES
A2	I3.35	gate	SATISFIES
A2	I3.36	gate	SATISFIES
A2	I3.37	inh	SATISFIES
A2	I3.38	inh	SATISFIES
A2	I3.39	inh	SATISFIES
A2	I3.40	inh	SATISFIES
A2	I3.41	thm	SATISFIES
A2	I3.42	thm	SATISFIES
A2	I3.43	cone	SATISFIES
A2	I3.44	kthm	SATISFIES
A2	I3.45	inh	SATISFIES
A2	I3.46	thm	SATISFIES
A2	I3.47	inh	SATISFIES
A2	I3.48	b1	SATISFIES
A2	I3.49	def	SATISFIES
A2	I3.50	inh	SATISFIES
A2	I3.51	b1	SATISFIES
A2	I3.52	inh	SATISFIES
A2	I3.53	inh	SATISFIES
A2	I3.54	b1	SATISFIES
A2	I3.55	b1	SATISFIES
A2	I3.56	b1	SATISFIES
A2	I3.57	inh	SATISFIES
A2	I3.58	b1	SATISFIES
A2	I3.60	b1	SATISFIES
A2	I3.69	inh	SATISFIES
A2	I3.73	b1	SATISFIES
A2	I3.74	b1	SATISFIES
A2	I3.75	b1	SATISFIES
A2	I3.76	inh	SATISFIES
A2	I3.78	inh	SATISFIES
A2	I3.79	inh	SATISFIES
A2	I3.80	inh	SATISFIES
A2	I3.82	inh	SATISFIES
A2	I3.83	inh	SATISFIES
A2	I3.87	inh	SATISFIES
A2	I3.88	inh	SATISFIES
A2	I3.89	inh	SATISFIES
A2	I3.92	inh	SATISFIES
A2	I3.94	inh	SATISFIES
A2	I3.95	inh	SATISFIES
A2	I3.96	nr	NOT REACHED
A2	I3.97	inh	SATISFIES
A2	I3.98	inh	SATISFIES
A2	I3.99	nr	NOT REACHED
A2	I3.101	inh	SATISFIES
A2	I3.104	nr	NOT REACHED
A2	I3.105	nr	NOT REACHED
A2	I3.111	inh	SATISFIES
A2	I3.113	def	SATISFIES
A2	I3.114	cone	SATISFIES
A2	I3.115	def	SATISFIES
A2	I3.116	cone	SATISFIES
A2	I3.118	cone	SATISFIES
A2	I3.120	thm	SATISFIES
A2	I3.121	thm	SATISFIES
A2	I3.122	thm	SATISFIES
A2	I3.124	inh	SATISFIES
A2	I3.125	inh	SATISFIES
A2	I3.126	inh	SATISFIES
A2	I3.127	inh	SATISFIES
A2	I3.128	inh	SATISFIES
A2	I3.129	gate	SATISFIES
A2	I3.130	cone	SATISFIES
A2	I3.131	cone	SATISFIES
A2	I3.132	cone	SATISFIES
A2	I3.133	d4f	FAILS
A2	I3.134	nr	NOT REACHED
A2	I3.135	d4f	FAILS
A2	I3.136	nr	NOT REACHED
A2	I3.137	dna	FAILS
A2	I3.138	d4s	SATISFIES
A2	I3.139	d4v	SATISFIES
A2	I3.140	d4v	SATISFIES
A2	I3.141	nr	NOT REACHED
A2	I3.142	dna	FAILS
A2	I3.143	def	SATISFIES
A2	I3.144	dna	FAILS
A2	I3.145	nr	NOT REACHED
A2	I3.146	nr	NOT REACHED
A2	I3.147	cone	SATISFIES
A2	I3.148	cone	SATISFIES
A2	I3.149	cone	SATISFIES
A2	I3.150	dna	FAILS
A2	I3.151	dna	FAILS
A2	I3.152	dna	FAILS
A2	I3.153	dna	FAILS
A2	I3.154	nr	NOT REACHED
A2	I3.155	dna	FAILS
A2	I3.156	cone	SATISFIES
A2	I3.157	nr	NOT REACHED
A2	I3.158	nr	NOT REACHED
A2	I3.159	cone	SATISFIES
A2	I3.160	cand	FAILS
A2	I3.161	cand	FAILS
A2	I3.164	inh	SATISFIES
A2	I3.165	dna	FAILS
A2	I3.166	inh	SATISFIES
A2	I3.167	inh	SATISFIES
A2	I3.168	inh	SATISFIES
A2	I3.169	inh	SATISFIES
A2	I3.170	b1	SATISFIES
A2	I3.171	b1	SATISFIES
A2	I3.172	b1	SATISFIES
A2	I3.173	inh	SATISFIES
A2	I3.185	thm	SATISFIES
A2	I3.186	inh	SATISFIES
A2	I3.187	d4v	SATISFIES
A2	I4.236	inh	SATISFIES
A2	I1.17	hmg	NOT REACHED
A2	I4.3	hmg	NOT REACHED
A2	I4.4	hmg	NOT REACHED
A2	I4.14	hmg	NOT REACHED
A2	I4.29	hmg	NOT REACHED
A2	I4.31	hmg	NOT REACHED
A2	I4.42	hmg	NOT REACHED
A2	I4.45	hmg	NOT REACHED
A2	I4.56	hmg	NOT REACHED
A2	I4.65	hmg	NOT REACHED
A2	I4.66	hmg	NOT REACHED
A2	I4.67	hmg	NOT REACHED
A2	I4.68	hmg	NOT REACHED
A2	I4.69	hmg	NOT REACHED
A2	I4.70	hmg	NOT REACHED
A2	I4.73	hmg	NOT REACHED
A2	I4.74	hmg	NOT REACHED
A2	I4.80	hmg	NOT REACHED
A2	I4.82	hmg	NOT REACHED
A2	I4.85	hmg	NOT REACHED
A2	I4.87	hmg	NOT REACHED
A2	I4.88	hmg	NOT REACHED
A2	I4.96	hmg	NOT REACHED
A2	I4.99	hmg	NOT REACHED
A2	I4.102	hmg	NOT REACHED
A2	I4.110	hmg	NOT REACHED
A2	I4.115	hmg	NOT REACHED
A2	I4.118	hmg	NOT REACHED
A2	I4.120	hmg	NOT REACHED
A2	I4.123	hmg	NOT REACHED
A2	I4.124	hmg	NOT REACHED
A2	I4.127	hmg	NOT REACHED
A2	I4.128	hmg	NOT REACHED
A2	I4.133	hmg	NOT REACHED
A2	I4.137	hmg	NOT REACHED
A2	I4.143	hmg	NOT REACHED
A2	I4.144	hmg	NOT REACHED
A2	I4.179	hmg	NOT REACHED
A2	I4.187	hmg	NOT REACHED
A2	I4.210	hmg	NOT REACHED
A2	I4.215	hmg	NOT REACHED
A2	I4.216	hmg	NOT REACHED
A2	I4.241	hmg	NOT REACHED
A2	I4.244	hmg	NOT REACHED
A2	I4.245	hmg	NOT REACHED
A2	I2.3	hmg	NOT REACHED
A2	I2.29	hmg	NOT REACHED
A2	I2.30	hmg	NOT REACHED
A2	I2.31	hmg	NOT REACHED
A2	I2.32	hmg	NOT REACHED
A2	I2.33	hmg	NOT REACHED
A2	I2.34	hmg	NOT REACHED
A2	I2.35	hmg	NOT REACHED
A2	I2.62	hmg	NOT REACHED
A2	I2.63	hmg	NOT REACHED
A2	I2.69	hmg	NOT REACHED
A3	I3.1	def	SATISFIES
A3	I3.2	def	SATISFIES
A3	I3.3	def	SATISFIES
A3	I3.4	def	SATISFIES
A3	I3.5	def	SATISFIES
A3	I3.6	def	SATISFIES
A3	I3.7	def	SATISFIES
A3	I3.8	inh	SATISFIES
A3	I3.9	gate	SATISFIES
A3	I3.10	gate	SATISFIES
A3	I3.11	def	SATISFIES
A3	I3.12	thm	SATISFIES
A3	I3.13	thm	SATISFIES
A3	I3.14	thm	SATISFIES
A3	I3.15	thm	SATISFIES
A3	I3.16	thm	SATISFIES
A3	I3.17	thm	SATISFIES
A3	I3.18	inh	SATISFIES
A3	I3.19	inh	SATISFIES
A3	I3.20	thm	SATISFIES
A3	I3.21	inh	SATISFIES
A3	I3.22	thm	SATISFIES
A3	I3.23	gate	SATISFIES
A3	I3.24	inh	SATISFIES
A3	I3.25	thm	SATISFIES
A3	I3.26	thm	SATISFIES
A3	I3.27	thm	SATISFIES
A3	I3.28	thm	SATISFIES
A3	I3.29	gate	SATISFIES
A3	I3.30	thm	SATISFIES
A3	I3.31	inh	SATISFIES
A3	I3.32	thm	SATISFIES
A3	I3.33	thm	SATISFIES
A3	I3.34	thm	SATISFIES
A3	I3.35	gate	SATISFIES
A3	I3.36	gate	SATISFIES
A3	I3.37	inh	SATISFIES
A3	I3.38	inh	SATISFIES
A3	I3.39	inh	SATISFIES
A3	I3.40	inh	SATISFIES
A3	I3.41	thm	SATISFIES
A3	I3.42	thm	SATISFIES
A3	I3.43	cone	SATISFIES
A3	I3.44	kthm	SATISFIES
A3	I3.45	inh	SATISFIES
A3	I3.46	thm	SATISFIES
A3	I3.47	inh	SATISFIES
A3	I3.48	b1	SATISFIES
A3	I3.49	def	SATISFIES
A3	I3.50	inh	SATISFIES
A3	I3.51	b1	SATISFIES
A3	I3.52	inh	SATISFIES
A3	I3.53	inh	SATISFIES
A3	I3.54	b1	SATISFIES
A3	I3.55	b1	SATISFIES
A3	I3.56	b1	SATISFIES
A3	I3.57	inh	SATISFIES
A3	I3.58	b1	SATISFIES
A3	I3.60	b1	SATISFIES
A3	I3.69	inh	SATISFIES
A3	I3.73	b1	SATISFIES
A3	I3.74	b1	SATISFIES
A3	I3.75	b1	SATISFIES
A3	I3.76	inh	SATISFIES
A3	I3.78	inh	SATISFIES
A3	I3.79	inh	SATISFIES
A3	I3.80	inh	SATISFIES
A3	I3.82	inh	SATISFIES
A3	I3.83	inh	SATISFIES
A3	I3.87	inh	SATISFIES
A3	I3.88	inh	SATISFIES
A3	I3.89	inh	SATISFIES
A3	I3.92	inh	SATISFIES
A3	I3.94	inh	SATISFIES
A3	I3.95	inh	SATISFIES
A3	I3.96	nr	NOT REACHED
A3	I3.97	inh	SATISFIES
A3	I3.98	inh	SATISFIES
A3	I3.99	nr	NOT REACHED
A3	I3.101	inh	SATISFIES
A3	I3.104	nr	NOT REACHED
A3	I3.105	nr	NOT REACHED
A3	I3.111	inh	SATISFIES
A3	I3.113	def	SATISFIES
A3	I3.114	cone	SATISFIES
A3	I3.115	def	SATISFIES
A3	I3.116	cone	SATISFIES
A3	I3.118	cone	SATISFIES
A3	I3.120	thm	SATISFIES
A3	I3.121	thm	SATISFIES
A3	I3.122	thm	SATISFIES
A3	I3.124	inh	SATISFIES
A3	I3.125	inh	SATISFIES
A3	I3.126	inh	SATISFIES
A3	I3.127	inh	SATISFIES
A3	I3.128	inh	SATISFIES
A3	I3.129	gate	SATISFIES
A3	I3.130	cone	SATISFIES
A3	I3.131	cone	SATISFIES
A3	I3.132	cone	SATISFIES
A3	I3.133	d4f	FAILS
A3	I3.134	nr	NOT REACHED
A3	I3.135	d4f	FAILS
A3	I3.136	nr	NOT REACHED
A3	I3.137	dna	FAILS
A3	I3.138	d4s	SATISFIES
A3	I3.139	d4v	SATISFIES
A3	I3.140	d4v	SATISFIES
A3	I3.141	nr	NOT REACHED
A3	I3.142	dna	FAILS
A3	I3.143	def	SATISFIES
A3	I3.144	dna	FAILS
A3	I3.145	nr	NOT REACHED
A3	I3.146	nr	NOT REACHED
A3	I3.147	cone	SATISFIES
A3	I3.148	cone	SATISFIES
A3	I3.149	cone	SATISFIES
A3	I3.150	dna	FAILS
A3	I3.151	dna	FAILS
A3	I3.152	dna	FAILS
A3	I3.153	dna	FAILS
A3	I3.154	nr	NOT REACHED
A3	I3.155	dna	FAILS
A3	I3.156	cone	SATISFIES
A3	I3.157	nr	NOT REACHED
A3	I3.158	nr	NOT REACHED
A3	I3.159	cone	SATISFIES
A3	I3.160	cand	FAILS
A3	I3.161	cand	UNDECIDED
A3	I3.164	inh	SATISFIES
A3	I3.165	dna	FAILS
A3	I3.166	inh	SATISFIES
A3	I3.167	inh	SATISFIES
A3	I3.168	inh	SATISFIES
A3	I3.169	inh	SATISFIES
A3	I3.170	b1	SATISFIES
A3	I3.171	b1	SATISFIES
A3	I3.172	b1	SATISFIES
A3	I3.173	inh	SATISFIES
A3	I3.185	thm	SATISFIES
A3	I3.186	inh	SATISFIES
A3	I3.187	d4v	SATISFIES
A3	I4.236	inh	SATISFIES
A3	I1.17	hmg	NOT REACHED
A3	I4.3	hmg	NOT REACHED
A3	I4.4	hmg	NOT REACHED
A3	I4.14	hmg	NOT REACHED
A3	I4.29	hmg	NOT REACHED
A3	I4.31	hmg	NOT REACHED
A3	I4.42	hmg	NOT REACHED
A3	I4.45	hmg	NOT REACHED
A3	I4.56	hmg	NOT REACHED
A3	I4.65	hmg	NOT REACHED
A3	I4.66	hmg	NOT REACHED
A3	I4.67	hmg	NOT REACHED
A3	I4.68	hmg	NOT REACHED
A3	I4.69	hmg	NOT REACHED
A3	I4.70	hmg	NOT REACHED
A3	I4.73	hmg	NOT REACHED
A3	I4.74	hmg	NOT REACHED
A3	I4.80	hmg	NOT REACHED
A3	I4.82	hmg	NOT REACHED
A3	I4.85	hmg	NOT REACHED
A3	I4.87	hmg	NOT REACHED
A3	I4.88	hmg	NOT REACHED
A3	I4.96	hmg	NOT REACHED
A3	I4.99	hmg	NOT REACHED
A3	I4.102	hmg	NOT REACHED
A3	I4.110	hmg	NOT REACHED
A3	I4.115	hmg	NOT REACHED
A3	I4.118	hmg	NOT REACHED
A3	I4.120	hmg	NOT REACHED
A3	I4.123	hmg	NOT REACHED
A3	I4.124	hmg	NOT REACHED
A3	I4.127	hmg	NOT REACHED
A3	I4.128	hmg	NOT REACHED
A3	I4.133	hmg	NOT REACHED
A3	I4.137	hmg	NOT REACHED
A3	I4.143	hmg	NOT REACHED
A3	I4.144	hmg	NOT REACHED
A3	I4.179	hmg	NOT REACHED
A3	I4.187	hmg	NOT REACHED
A3	I4.210	hmg	NOT REACHED
A3	I4.215	hmg	NOT REACHED
A3	I4.216	hmg	NOT REACHED
A3	I4.241	hmg	NOT REACHED
A3	I4.244	hmg	NOT REACHED
A3	I4.245	hmg	NOT REACHED
A3	I2.3	hmg	NOT REACHED
A3	I2.29	hmg	NOT REACHED
A3	I2.30	hmg	NOT REACHED
A3	I2.31	hmg	NOT REACHED
A3	I2.32	hmg	NOT REACHED
A3	I2.33	hmg	NOT REACHED
A3	I2.34	hmg	NOT REACHED
A3	I2.35	hmg	NOT REACHED
A3	I2.62	hmg	NOT REACHED
A3	I2.63	hmg	NOT REACHED
A3	I2.69	hmg	NOT REACHED
