from	to	relation
I1.2	I1.1	depends_on
I1.3	I1.1	depends_on
I1.3	I1.2	depends_on
I1.4	I1.1	depends_on
I1.5	I1.20	depends_on
I1.5	I1.24	depends_on
I1.6	I1.1	depends_on
I1.6	I1.4	depends_on
I1.7	I1.6	depends_on
I1.8	I1.1	depends_on
I1.8	I1.6	depends_on
I1.9	I1.4	depends_on
I1.9	I1.6	depends_on
I1.10	I1.1	depends_on
I1.10	I1.11	depends_on
I1.10	I1.7	depends_on
I1.10	I1.8	depends_on
I1.12	I1.10	depends_on
I1.13	I1.12	depends_on
I1.13	I1.9	depends_on
I1.15	I1.10	depends_on
I1.15	I1.12	depends_on
I1.15	I1.13	depends_on
I1.15	I1.9	depends_on
I1.17	I1.20	depends_on
I1.17	I1.24	depends_on
I1.18	I1.1	depends_on
I1.19	I1.20	depends_on
I1.19	I1.24	depends_on
I1.20	I1.9	depends_on
I1.21	I1.9	depends_on
I1.23	I1.8	depends_on
I1.24	I1.20	depends_on
I1.24	I1.21	depends_on
I1.25	I1.20	depends_on
I1.25	I1.23	depends_on
I1.25	I1.24	depends_on
I1.26	I1.20	depends_on
I1.26	I1.24	depends_on
I1.27	I1.71	depends_on
I1.28	I1.22	depends_on
I1.29	I1.20	depends_on
I1.29	I1.21	depends_on
I1.29	I1.23	depends_on
I1.29	I1.24	depends_on
I1.33	I1.20	depends_on
I1.33	I1.24	depends_on
I1.34	I1.20	depends_on
I1.35	I1.36	depends_on
I1.35	I1.63	depends_on
I1.35	I1.64	depends_on
I1.37	I1.20	depends_on
I1.37	I1.24	depends_on
I1.39	I1.38	depends_on
I1.40	I1.38	depends_on
I1.41	I1.39	depends_on
I1.41	I1.40	depends_on
I1.42	I1.38	depends_on
I1.42	I1.39	depends_on
I1.43	I1.39	depends_on
I1.44	I1.43	depends_on
I1.45	I1.42	depends_on
I1.45	I1.44	depends_on
I1.46	I1.45	depends_on
I1.47	I1.43	depends_on
I1.48	I1.44	depends_on
I1.48	I1.47	depends_on
I1.50	I1.43	depends_on
I1.50	I1.49	depends_on
I1.51	I1.50	depends_on
I1.52	I1.43	depends_on
I1.53	I1.51	depends_on
I1.53	I1.52	depends_on
I1.54	I1.44	depends_on
I1.54	I1.50	depends_on
I1.55	I1.38	depends_on
I1.55	I1.42	depends_on
I1.55	I1.44	depends_on
I1.58	I1.57	depends_on
I1.59	I1.57	depends_on
I1.59	I1.60	depends_on
I1.60	I1.43	depends_on
I1.60	I1.49	depends_on
I1.61	I1.57	depends_on
I1.62	I1.57	depends_on
I1.62	I1.61	depends_on
I1.64	I1.10	depends_on
I1.69	I1.63	depends_on
I1.69	I1.68	depends_on
I1.72	I1.71	depends_on
I1.73	I1.58	depends_on
I1.73	I1.71	depends_on
I1.74	I1.71	depends_on
I1.74	I1.73	depends_on
I1.76	I1.57	depends_on
I1.76	I1.67	depends_on
I1.84	I1.10	depends_on
I1.84	I1.9	depends_on
I1.85	I1.84	depends_on
I1.79	I1.47	depends_on
I1.80	I1.43	depends_on
I1.81	I1.43	depends_on
I1.81	I1.80	depends_on
I1.82	I1.43	depends_on
I1.83	I1.43	depends_on
I2.2	I2.1	depends_on
I2.3	I2.12	depends_on
I2.3	I2.16	depends_on
I2.3	I2.17	depends_on
I2.3	I2.29	depends_on
I2.3	I2.39	depends_on
I2.3	I2.6	depends_on
I2.4	I2.1	depends_on
I2.5	I2.1	depends_on
I2.6	I2.10	depends_on
I2.6	I2.5	depends_on
I2.7	I2.5	depends_on
I2.9	I2.40	depends_on
I2.9	I2.5	depends_on
I2.10	I2.1	depends_on
I2.10	I2.102	depends_on
I2.10	I2.6	depends_on
I2.13	I2.12	depends_on
I2.13	I2.14	depends_on
I2.14	I2.13	depends_on
I2.14	I2.69	depends_on
I2.15	I2.12	depends_on
I2.15	I2.16	depends_on
I2.16	I2.12	depends_on
I2.16	I2.15	depends_on
I2.16	I2.18	depends_on
I2.18	I2.12	depends_on
I2.18	I2.17	depends_on
I2.18	I2.26	depends_on
I2.18	I2.29	depends_on
I2.19	I2.21	depends_on
I2.19	I2.58	depends_on
I2.19	I2.59	depends_on
I2.20	I2.27	depends_on
I2.22	I2.21	depends_on
I2.22	I2.59	depends_on
I2.24	I2.26	depends_on
I2.24	I2.39	depends_on
I2.25	I2.39	depends_on
I2.26	I2.38	depends_on
I2.27	I2.20	depends_on
I2.27	I2.26	depends_on
I2.27	I2.28	depends_on
I2.28	I2.27	depends_on
I2.30	I2.29	depends_on
I2.31	I2.32	depends_on
I2.32	I2.33	depends_on
I2.34	I2.33	depends_on
I2.35	I2.33	depends_on
I2.35	I2.36	depends_on
I2.36	I2.33	depends_on
I2.37	I2.36	depends_on
I2.38	I2.26	depends_on
I2.41	I2.40	depends_on
I2.41	I2.42	depends_on
I2.41	I2.54	depends_on
I2.42	I2.41	depends_on
I2.42	I2.56	depends_on
I2.43	I2.40	depends_on
I2.43	I2.41	depends_on
I2.43	I2.42	depends_on
I2.43	I2.58	depends_on
I2.44	I2.45	depends_on
I2.44	I2.47	depends_on
I2.45	I2.44	depends_on
I2.46	I2.44	depends_on
I2.46	I2.45	depends_on
I2.47	I2.40	depends_on
I2.47	I2.44	depends_on
I2.49	I2.50	depends_on
I2.50	I2.49	depends_on
I2.50	I2.69	depends_on
I2.51	I2.48	depends_on
I2.52	I2.48	depends_on
I2.53	I2.72	depends_on
I2.54	I2.41	depends_on
I2.55	I2.42	depends_on
I2.56	I2.41	depends_on
I2.56	I2.42	depends_on
I2.57	I2.61	depends_on
I2.58	I2.19	depends_on
I2.58	I2.43	depends_on
I2.58	I2.59	depends_on
I2.59	I2.19	depends_on
I2.59	I2.21	depends_on
I2.59	I2.22	depends_on
I2.59	I2.58	depends_on
I2.59	I2.60	depends_on
I2.60	I2.48	depends_on
I2.60	I2.59	depends_on
I2.61	I2.57	depends_on
I2.62	I2.19	depends_on
I2.62	I2.21	depends_on
I2.62	I2.29	depends_on
I2.62	I2.39	depends_on
I2.62	I2.56	depends_on
I2.63	I2.17	depends_on
I2.63	I2.29	depends_on
I2.63	I2.64	depends_on
I2.64	I2.12	depends_on
I2.64	I2.40	depends_on
I2.64	I2.65	depends_on
I2.65	I2.3	depends_on
I2.65	I2.64	depends_on
I2.66	I2.48	depends_on
I2.67	I2.41	depends_on
I2.68	I2.29	depends_on
I2.68	I2.57	depends_on
I2.69	I2.12	depends_on
I2.69	I2.39	depends_on
I2.69	I2.40	depends_on
I2.69	I2.44	depends_on
I2.69	I2.5	depends_on
I2.69	I2.50	depends_on
I2.72	I2.1	depends_on
I2.72	I2.53	depends_on
I2.73	I2.41	depends_on
I2.74	I2.27	depends_on
I2.75	I2.102	depends_on
I2.75	I2.5	depends_on
I2.75	I2.7	depends_on
I2.76	I2.1	depends_on
I2.76	I2.77	depends_on
I2.76	I2.79	depends_on
I2.78	I2.1	depends_on
I2.78	I2.76	depends_on
I2.80	I2.1	depends_on
I2.80	I2.34	depends_on
I2.84	I2.89	depends_on
I2.85	I2.102	depends_on
I2.85	I2.20	depends_on
I2.85	I2.5	depends_on
I2.86	I2.87	depends_on
I2.86	I2.89	depends_on
I2.87	I2.10	depends_on
I2.87	I2.6	depends_on
I2.87	I2.86	depends_on
I2.87	I2.89	depends_on
I2.88	I2.7	depends_on
I2.88	I2.87	depends_on
I2.88	I2.89	depends_on
I2.89	I2.84	depends_on
I2.89	I2.87	depends_on
I2.90	I2.25	depends_on
I2.91	I2.92	depends_on
I2.92	I2.91	depends_on
I2.92	I2.94	depends_on
I2.93	I2.94	depends_on
I2.94	I2.25	depends_on
I2.94	I2.95	depends_on
I2.95	I2.94	depends_on
I2.95	I2.96	depends_on
I2.96	I2.95	depends_on
I2.96	I2.97	depends_on
I2.97	I2.96	depends_on
I2.97	I2.98	depends_on
I2.98	I2.97	depends_on
I2.98	I2.99	depends_on
I2.99	I2.100	depends_on
I2.99	I2.98	depends_on
I2.100	I2.99	depends_on
I2.102	I2.10	depends_on
I2.102	I2.6	depends_on
I2.102	I2.7	depends_on
I2.102	I2.88	depends_on
I2.102	I2.89	depends_on
I2.103	I2.36	depends_on
I2.104	I2.36	depends_on
I2.105	I2.102	depends_on
I2.105	I2.6	depends_on
I2.107	I2.39	depends_on
I2.107	I2.77	depends_on
I2.108	I2.107	depends_on
I2.108	I2.27	depends_on
I2.109	I2.20	depends_on
I2.110	I2.2	depends_on
I2.111	I2.5	depends_on
I2.111	I2.6	depends_on
I2.113	I2.59	depends_on
I3.3	I3.58	depends_on
I3.4	I3.3	depends_on
I3.5	I3.2	depends_on
I3.9	I3.2	depends_on
I3.9	I3.3	depends_on
I3.9	I3.6	depends_on
I3.9	I3.7	depends_on
I3.10	I3.4	depends_on
I3.10	I3.5	depends_on
I3.13	I3.12	depends_on
I3.15	I3.125	depends_on
I3.15	I3.8	depends_on
I3.15	I3.9	depends_on
I3.16	I3.8	depends_on
I3.16	I3.9	depends_on
I3.17	I3.8	depends_on
I3.17	I3.9	depends_on
I3.18	I3.1	depends_on
I3.18	I3.8	depends_on
I3.18	I3.9	depends_on
I3.19	I3.10	depends_on
I3.19	I3.8	depends_on
I3.19	I3.9	depends_on
I3.21	I3.13	depends_on
I3.21	I3.20	depends_on
I3.22	I3.23	depends_on
I3.22	I3.8	depends_on
I3.23	I3.6	depends_on
I3.23	I3.7	depends_on
I3.24	I3.23	depends_on
I3.24	I3.8	depends_on
I3.25	I3.24	depends_on
I3.27	I3.22	depends_on
I3.27	I3.23	depends_on
I3.27	I3.8	depends_on
I3.29	I3.3	depends_on
I3.29	I3.6	depends_on
I3.29	I3.7	depends_on
I3.30	I3.8	depends_on
I3.31	I3.10	depends_on
I3.31	I3.29	depends_on
I3.31	I3.8	depends_on
I3.32	I3.9	depends_on
I3.35	I3.49	depends_on
I3.35	I3.6	depends_on
I3.35	I3.7	depends_on
I3.36	I3.49	depends_on
I3.36	I3.5	depends_on
I3.37	I3.18	depends_on
I3.37	I3.35	depends_on
I3.37	I3.48	depends_on
I3.37	I3.51	depends_on
I3.37	I3.73	depends_on
I3.37	I3.74	depends_on
I3.37	I3.75	depends_on
I3.37	I3.76	depends_on
I3.37	I3.8	depends_on
I3.38	I3.36	depends_on
I3.38	I3.37	depends_on
I3.39	I3.73	depends_on
I3.40	I3.39	depends_on
I3.42	I3.2	depends_on
I3.42	I3.3	depends_on
I3.43	I3.2	depends_on
I3.43	I3.3	depends_on
I3.44	I3.43	depends_on
I3.45	I3.18	depends_on
I3.45	I3.8	depends_on
I3.45	I3.9	depends_on
I3.46	I3.10	depends_on
I3.46	I3.17	depends_on
I3.47	I3.37	depends_on
I3.48	I3.58	depends_on
I3.51	I3.48	depends_on
I3.51	I3.73	depends_on
I3.51	I3.74	depends_on
I3.51	I3.75	depends_on
I3.51	I3.76	depends_on
I3.52	I3.50	depends_on
I3.52	I3.73	depends_on
I3.52	I3.74	depends_on
I3.52	I3.75	depends_on
I3.52	I3.76	depends_on
I3.54	I3.60	depends_on
I3.55	I3.76	depends_on
I3.56	I3.48	depends_on
I3.56	I3.54	depends_on
I3.56	I3.73	depends_on
I3.56	I3.75	depends_on
I3.61	I3.58	depends_on
I3.61	I3.60	depends_on
I3.62	I3.58	depends_on
I3.62	I3.59	depends_on
I3.63	I3.60	depends_on
I3.64	I3.58	depends_on
I3.71	I3.61	depends_on
I3.71	I3.66	depends_on
I3.72	I3.58	depends_on
I3.72	I3.71	depends_on
I3.73	I3.58	depends_on
I3.76	I3.60	depends_on
I3.77	I3.60	depends_on
I3.78	I3.66	depends_on
I3.79	I3.73	depends_on
I3.79	I3.74	depends_on
I3.79	I3.76	depends_on
I3.81	I3.79	depends_on
I3.82	I3.73	depends_on
I3.82	I3.77	depends_on
I3.83	I3.67	depends_on
I3.84	I3.66	depends_on
I3.87	I3.76	depends_on
I3.87	I3.86	depends_on
I3.88	I3.74	depends_on
I3.88	I3.76	depends_on
I3.88	I3.91	depends_on
I3.89	I3.88	depends_on
I3.90	I3.74	depends_on
I3.90	I3.76	depends_on
I3.92	I3.57	depends_on
I3.93	I3.92	depends_on
I3.94	I3.92	depends_on
I3.94	I3.93	depends_on
I3.95	I3.92	depends_on
I3.97	I3.94	depends_on
I3.98	I3.96	depends_on
I3.99	I3.92	depends_on
I3.100	I3.99	depends_on
I3.101	I3.99	depends_on
I3.102	I3.101	depends_on
I3.102	I3.103	depends_on
I3.102	I3.99	depends_on
I3.103	I3.92	depends_on
I3.103	I3.98	depends_on
I3.104	I3.92	depends_on
I3.105	I3.101	depends_on
I3.105	I3.102	depends_on
I3.105	I3.103	depends_on
I3.105	I3.99	depends_on
I3.108	I3.106	depends_on
I3.110	I3.99	depends_on
I3.111	I3.103	depends_on
I3.111	I3.110	depends_on
I3.111	I3.99	depends_on
I3.112	I3.108	depends_on
I3.112	I3.109	depends_on
I3.114	I3.113	depends_on
I3.114	I3.58	depends_on
I3.115	I3.114	depends_on
I3.116	I3.114	depends_on
I3.116	I3.115	depends_on
I3.118	I3.114	depends_on
I3.118	I3.74	depends_on
I3.119	I3.64	depends_on
I3.120	I3.113	depends_on
I3.121	I3.114	depends_on
I3.122	I3.113	depends_on
I3.122	I3.121	depends_on
I3.124	I3.123	depends_on
I3.124	I3.3	depends_on
I3.129	I3.11	depends_on
I3.129	I3.6	depends_on
I3.129	I3.7	depends_on
I3.130	I3.43	depends_on
I3.133	I3.114	depends_on
I3.133	I3.134	depends_on
I3.134	I3.114	depends_on
I3.135	I3.143	depends_on
I3.136	I3.143	depends_on
I3.137	I3.6	depends_on
I3.137	I3.7	depends_on
I3.139	I3.129	depends_on
I3.139	I3.133	depends_on
I3.140	I3.133	depends_on
I3.140	I3.3	depends_on
I3.141	I3.143	depends_on
I3.142	I3.6	depends_on
I3.142	I3.7	depends_on
I3.142	I3.83	depends_on
I3.143	I3.1	depends_on
I3.145	I3.1	depends_on
I3.145	I3.104	depends_on
I3.145	I3.92	depends_on
I3.146	I3.105	depends_on
I3.146	I3.145	depends_on
I3.146	I3.99	depends_on
I3.147	I3.2	depends_on
I3.148	I3.11	depends_on
I3.148	I3.13	depends_on
I3.149	I3.143	depends_on
I3.150	I3.6	depends_on
I3.150	I3.7	depends_on
I3.150	I3.80	depends_on
I3.151	I3.150	depends_on
I3.152	I3.150	depends_on
I3.153	I3.6	depends_on
I3.153	I3.66	depends_on
I3.153	I3.67	depends_on
I3.153	I3.7	depends_on
I3.155	I3.148	depends_on
I3.157	I3.143	depends_on
I3.158	I3.114	depends_on
I3.159	I3.114	depends_on
I3.159	I3.13	depends_on
I3.162	I3.164	depends_on
I3.162	I3.179	depends_on
I3.164	I3.18	depends_on
I3.164	I3.19	depends_on
I3.164	I3.35	depends_on
I3.164	I3.36	depends_on
I3.164	I3.37	depends_on
I3.164	I3.38	depends_on
I3.164	I3.48	depends_on
I3.164	I3.73	depends_on
I3.164	I3.76	depends_on
I3.164	I3.8	depends_on
I3.167	I3.94	depends_on
I3.167	I3.95	depends_on
I3.167	I3.96	depends_on
I3.168	I3.101	depends_on
I3.168	I3.102	depends_on
I3.168	I3.105	depends_on
I3.168	I3.99	depends_on
I3.169	I3.66	depends_on
I3.170	I3.76	depends_on
I3.171	I3.73	depends_on
I3.171	I3.97	depends_on
I3.172	I3.75	depends_on
I3.173	I3.69	depends_on
I3.173	I3.8	depends_on
I3.174	I3.62	depends_on
I3.174	I3.63	depends_on
I3.175	I3.66	depends_on
I3.175	I3.76	depends_on
I3.176	I3.174	depends_on
I3.177	I3.62	depends_on
I3.177	I3.63	depends_on
I3.178	I3.66	depends_on
I3.178	I3.69	depends_on
I3.178	I3.73	depends_on
I3.179	I3.164	depends_on
I3.179	I3.165	depends_on
I3.181	I3.169	depends_on
I3.181	I3.173	depends_on
I3.181	I3.174	depends_on
I3.182	I3.164	depends_on
I3.182	I3.179	depends_on
I3.185	I3.2	depends_on
I3.185	I3.6	depends_on
I3.185	I3.7	depends_on
I3.187	I3.129	depends_on
I3.187	I3.130	depends_on
I3.187	I3.132	depends_on
I3.187	I3.137	depends_on
I1.1	I1.10	yields
I1.1	I1.3	yields
I1.1	I1.6	yields
I1.2	I1.3	yields
I1.3	I1.18	yields
I1.4	I1.6	yields
I1.4	I1.9	yields
I1.6	I1.15	yields
I1.6	I1.20	yields
I1.6	I1.24	yields
I1.6	I1.7	yields
I1.7	I1.10	yields
I1.8	I1.23	yields
I1.9	I1.15	yields
I1.9	I1.20	yields
I1.10	I1.15	yields
I1.11	I1.10	yields
I1.12	I1.15	yields
I1.13	I1.15	yields
I1.13	I1.76	yields
I1.14	I1.10	yields
I1.15	I1.20	yields
I1.15	I1.24	yields
I1.16	I1.17	yields
I1.18	I1.5	yields
I1.19	I1.25	yields
I1.20	I1.17	yields
I1.20	I1.29	yields
I1.20	I1.35	yields
I1.21	I1.24	yields
I1.22	I1.21	yields
I1.22	I1.30	yields
I1.22	I1.31	yields
I1.23	I1.32	yields
I1.24	I1.17	yields
I1.24	I1.27	yields
I1.24	I1.29	yields
I1.25	I1.19	yields
I1.27	I1.74	yields
I1.28	I1.22	yields
I1.30	I1.22	yields
I1.31	I1.21	yields
I1.31	I1.22	yields
I1.32	I1.23	yields
I1.36	I1.35	yields
I1.38	I1.39	yields
I1.38	I1.46	yields
I1.39	I1.41	yields
I1.39	I1.42	yields
I1.39	I1.43	yields
I1.40	I1.41	yields
I1.42	I1.45	yields
I1.42	I1.55	yields
I1.43	I1.44	yields
I1.43	I1.47	yields
I1.43	I1.50	yields
I1.43	I1.52	yields
I1.43	I1.60	yields
I1.43	I1.79	yields
I1.43	I1.83	yields
I1.44	I1.45	yields
I1.44	I1.48	yields
I1.44	I1.54	yields
I1.45	I1.46	yields
I1.47	I1.48	yields
I1.47	I1.79	yields
I1.49	I1.50	yields
I1.49	I1.60	yields
I1.50	I1.51	yields
I1.50	I1.54	yields
I1.51	I1.53	yields
I1.52	I1.53	yields
I1.54	I1.51	yields
I1.57	I1.58	yields
I1.57	I1.60	yields
I1.58	I1.59	yields
I1.58	I1.73	yields
I1.60	I1.59	yields
I1.61	I1.62	yields
I1.63	I1.10	yields
I1.63	I1.11	yields
I1.63	I1.35	yields
I1.64	I1.35	yields
I1.67	I1.76	yields
I1.70	I1.27	yields
I1.70	I1.71	yields
I1.71	I1.27	yields
I1.71	I1.73	yields
I1.71	I1.74	yields
I1.72	I1.74	yields
I1.73	I1.74	yields
I1.77	I1.10	yields
I1.77	I1.11	yields
I1.77	I1.12	yields
I1.77	I1.2	yields
I1.77	I1.30	yields
I1.77	I1.31	yields
I1.77	I1.67	yields
I1.84	I1.85	yields
I1.79	I1.75	yields
I1.80	I1.81	yields
I1.83	I1.81	yields
I2.1	I2.2	yields
I2.1	I2.5	yields
I2.1	I2.7	yields
I2.1	I2.72	yields
I2.2	I2.29	yields
I2.5	I2.6	yields
I2.5	I2.7	yields
I2.6	I2.102	yields
I2.6	I2.87	yields
I2.7	I2.102	yields
I2.9	I2.5	yields
I2.10	I2.102	yields
I2.12	I2.15	yields
I2.12	I2.16	yields
I2.12	I2.18	yields
I2.13	I2.14	yields
I2.15	I2.16	yields
I2.16	I2.18	yields
I2.17	I2.18	yields
I2.17	I2.3	yields
I2.19	I2.21	yields
I2.21	I2.62	yields
I2.22	I2.21	yields
I2.24	I2.26	yields
I2.25	I2.101	yields
I2.25	I2.90	yields
I2.26	I2.18	yields
I2.27	I2.20	yields
I2.27	I2.26	yields
I2.28	I2.27	yields
I2.29	I2.30	yields
I2.29	I2.31	yields
I2.31	I2.32	yields
I2.32	I2.33	yields
I2.33	I2.34	yields
I2.33	I2.37	yields
I2.35	I2.36	yields
I2.36	I2.103	yields
I2.36	I2.104	yields
I2.38	I2.26	yields
I2.39	I2.24	yields
I2.39	I2.25	yields
I2.39	I2.3	yields
I2.39	I2.41	yields
I2.39	I2.43	yields
I2.39	I2.69	yields
I2.40	I2.12	yields
I2.40	I2.41	yields
I2.40	I2.9	yields
I2.41	I2.67	yields
I2.41	I2.69	yields
I2.42	I2.41	yields
I2.43	I2.41	yields
I2.43	I2.42	yields
I2.44	I2.45	yields
I2.44	I2.47	yields
I2.48	I2.50	yields
I2.48	I2.60	yields
I2.49	I2.50	yields
I2.50	I2.69	yields
I2.53	I2.72	yields
I2.54	I2.41	yields
I2.55	I2.42	yields
I2.56	I2.41	yields
I2.57	I2.61	yields
I2.58	I2.19	yields
I2.58	I2.43	yields
I2.58	I2.59	yields
I2.59	I2.19	yields
I2.59	I2.21	yields
I2.59	I2.22	yields
I2.59	I2.60	yields
I2.64	I2.12	yields
I2.64	I2.65	yields
I2.65	I2.3	yields
I2.75	I2.102	yields
I2.76	I2.1	yields
I2.76	I2.77	yields
I2.76	I2.79	yields
I2.77	I2.1	yields
I2.78	I2.1	yields
I2.80	I2.34	yields
I2.85	I2.102	yields
I2.86	I2.87	yields
I2.86	I2.89	yields
I2.87	I2.89	yields
I2.88	I2.89	yields
I2.89	I2.84	yields
I2.91	I2.92	yields
I2.92	I2.94	yields
I2.93	I2.94	yields
I2.94	I2.95	yields
I2.95	I2.96	yields
I2.96	I2.97	yields
I2.97	I2.98	yields
I2.98	I2.99	yields
I2.99	I2.100	yields
I2.102	I2.88	yields
I2.102	I2.89	yields
I2.105	I2.102	yields
I2.105	I2.6	yields
I2.107	I2.108	yields
I2.107	I2.2	yields
I3.2	I3.3	yields
I3.2	I3.9	yields
I3.4	I3.10	yields
I3.7	I3.185	yields
I3.8	I3.12	yields
I3.8	I3.20	yields
I3.8	I3.24	yields
I3.9	I3.12	yields
I3.9	I3.19	yields
I3.9	I3.32	yields
I3.10	I3.17	yields
I3.10	I3.19	yields
I3.10	I3.46	yields
I3.11	I3.12	yields
I3.11	I3.14	yields
I3.12	I3.13	yields
I3.13	I3.19	yields
I3.14	I3.19	yields
I3.15	I3.18	yields
I3.15	I3.22	yields
I3.15	I3.30	yields
I3.16	I3.18	yields
I3.17	I3.19	yields
I3.18	I3.164	yields
I3.18	I3.19	yields
I3.18	I3.37	yields
I3.18	I3.45	yields
I3.19	I3.164	yields
I3.19	I3.21	yields
I3.20	I3.21	yields
I3.20	I3.41	yields
I3.21	I3.164	yields
I3.22	I3.27	yields
I3.23	I3.22	yields
I3.23	I3.24	yields
I3.23	I3.28	yields
I3.23	I3.33	yields
I3.24	I3.25	yields
I3.27	I3.28	yields
I3.29	I3.31	yields
I3.30	I3.31	yields
I3.32	I3.31	yields
I3.35	I3.37	yields
I3.35	I3.38	yields
I3.35	I3.41	yields
I3.35	I3.47	yields
I3.36	I3.38	yields
I3.37	I3.164	yields
I3.38	I3.164	yields
I3.39	I3.40	yields
I3.40	I3.45	yields
I3.40	I3.47	yields
I3.43	I3.44	yields
I3.46	I3.45	yields
I3.47	I3.164	yields
I3.48	I3.51	yields
I3.49	I3.35	yields
I3.49	I3.36	yields
I3.49	I3.51	yields
I3.50	I3.52	yields
I3.51	I3.37	yields
I3.51	I3.38	yields
I3.51	I3.47	yields
I3.54	I3.56	yields
I3.55	I3.56	yields
I3.57	I3.92	yields
I3.58	I3.3	yields
I3.58	I3.48	yields
I3.58	I3.73	yields
I3.59	I3.61	yields
I3.59	I3.62	yields
I3.60	I3.54	yields
I3.60	I3.61	yields
I3.60	I3.76	yields
I3.61	I3.71	yields
I3.61	I3.72	yields
I3.62	I3.72	yields
I3.63	I3.72	yields
I3.64	I3.119	yields
I3.64	I3.72	yields
I3.65	I3.72	yields
I3.66	I3.71	yields
I3.66	I3.78	yields
I3.66	I3.81	yields
I3.66	I3.83	yields
I3.66	I3.84	yields
I3.67	I3.72	yields
I3.67	I3.83	yields
I3.68	I3.72	yields
I3.70	I3.72	yields
I3.73	I3.37	yields
I3.73	I3.39	yields
I3.73	I3.51	yields
I3.73	I3.79	yields
I3.74	I3.118	yields
I3.74	I3.51	yields
I3.74	I3.79	yields
I3.74	I3.88	yields
I3.74	I3.89	yields
I3.75	I3.37	yields
I3.75	I3.51	yields
I3.75	I3.52	yields
I3.76	I3.51	yields
I3.76	I3.55	yields
I3.76	I3.79	yields
I3.76	I3.88	yields
I3.76	I3.90	yields
I3.77	I3.82	yields
I3.79	I3.51	yields
I3.79	I3.81	yields
I3.79	I3.82	yields
I3.80	I3.82	yields
I3.83	I3.142	yields
I3.86	I3.87	yields
I3.88	I3.89	yields
I3.91	I3.88	yields
I3.92	I3.105	yields
I3.92	I3.94	yields
I3.93	I3.94	yields
I3.94	I3.97	yields
I3.96	I3.103	yields
I3.96	I3.98	yields
I3.97	I3.73	yields
I3.98	I3.103	yields
I3.99	I3.100	yields
I3.99	I3.105	yields
I3.99	I3.110	yields
I3.101	I3.105	yields
I3.102	I3.105	yields
I3.103	I3.105	yields
I3.103	I3.111	yields
I3.104	I3.131	yields
I3.104	I3.145	yields
I3.105	I3.132	yields
I3.105	I3.146	yields
I3.106	I3.108	yields
I3.107	I3.111	yields
I3.108	I3.112	yields
I3.109	I3.112	yields
I3.110	I3.111	yields
I3.113	I3.114	yields
I3.114	I3.115	yields
I3.114	I3.122	yields
I3.115	I3.116	yields
I3.115	I3.121	yields
I3.123	I3.124	yields
I3.124	I3.13	yields
I3.125	I3.15	yields
I3.126	I3.16	yields
I3.126	I3.18	yields
I3.129	I3.139	yields
I3.130	I3.139	yields
I3.130	I3.140	yields
I3.131	I3.139	yields
I3.132	I3.139	yields
I3.133	I3.139	yields
I3.133	I3.140	yields
I3.134	I3.133	yields
I3.135	I3.139	yields
I3.135	I3.140	yields
I3.137	I3.139	yields
I3.139	I3.137	yields
I3.140	I3.139	yields
I3.143	I3.135	yields
I3.143	I3.141	yields
I3.143	I3.149	yields
I3.145	I3.131	yields
I3.146	I3.132	yields
I3.157	I3.135	yields
I3.163	I3.164	yields
I3.163	I3.179	yields
I3.165	I3.1	yields
I3.165	I3.115	yields
I3.166	I3.167	yields
I3.166	I3.174	yields
I3.170	I3.51	yields
I3.170	I3.79	yields
I3.170	I3.88	yields
I3.170	I3.89	yields
I3.171	I3.51	yields
I3.171	I3.79	yields
I3.172	I3.51	yields
I3.177	I3.179	yields
I3.180	I3.59	yields
I3.180	I3.62	yields
I4.234	I4.233	yields
