A30.json	F	https://github.com/amaybaum/incompleteness/pull/747#issuecomment-5844220223
A30.json	E	https://github.com/amaybaum/incompleteness/pull/747#issuecomment-5844531766
A31.json	F	https://github.com/amaybaum/incompleteness/pull/750#issuecomment-5846660852
A31.json	E	https://github.com/amaybaum/incompleteness/pull/750#issuecomment-5846661059
A32.json	F	https://github.com/amaybaum/incompleteness/pull/751#issuecomment-5846759847
A32.json	E	https://github.com/amaybaum/incompleteness/pull/751#issuecomment-5847135246
A33.json	F	https://github.com/amaybaum/incompleteness/pull/752#issuecomment-5848329732
A33.json	E	https://github.com/amaybaum/incompleteness/pull/752#issuecomment-5852280719
A34.json	F	https://github.com/amaybaum/incompleteness/pull/754#issuecomment-5853089525
A34.json	E	https://github.com/amaybaum/incompleteness/pull/754#issuecomment-5853736845
A35.json	F	https://github.com/amaybaum/incompleteness/pull/755#issuecomment-5855240090
A35.json	E	https://github.com/amaybaum/incompleteness/pull/755#issuecomment-5855315891
A36.json	F	https://github.com/amaybaum/incompleteness/pull/757#issuecomment-5857996731
A36.json	E	https://github.com/amaybaum/incompleteness/pull/757#issuecomment-5858962817
A37.json	F	https://github.com/amaybaum/incompleteness/pull/764#issuecomment-5864083003
A37.json	E	https://github.com/amaybaum/incompleteness/pull/764#issuecomment-5864156368
A38.json	F	https://github.com/amaybaum/incompleteness/pull/765#issuecomment-5866714226
A38.json	E	https://github.com/amaybaum/incompleteness/pull/765#issuecomment-5867652394
A39.json	F	https://github.com/amaybaum/incompleteness/pull/767#issuecomment-5869013084
A39.json	E	https://github.com/amaybaum/incompleteness/pull/767#issuecomment-5869585862
A40.json	F	https://github.com/amaybaum/incompleteness/pull/768#issuecomment-5877013377
A40.json	E	https://github.com/amaybaum/incompleteness/pull/768#issuecomment-5878218469
A41.json	F	https://github.com/amaybaum/incompleteness/pull/769#issuecomment-5887776876
A41.json	E	https://github.com/amaybaum/incompleteness/pull/769#issuecomment-5890244633
A42.json	F	https://github.com/amaybaum/incompleteness/pull/771#issuecomment-5903383814
A42.json	E	https://github.com/amaybaum/incompleteness/pull/771#issuecomment-5904117905
A45.json	F	https://github.com/amaybaum/incompleteness/pull/770#issuecomment-5896847922
A45.json	E	https://github.com/amaybaum/incompleteness/pull/770#issuecomment-5897913831
CC-1.json	F	https://github.com/amaybaum/incompleteness/pull/784#issuecomment-5972019225
CC-2.json	F	https://github.com/amaybaum/incompleteness/pull/785#issuecomment-5972886667
CC-2.json	E	https://github.com/amaybaum/incompleteness/pull/785#issuecomment-5973222861
CMP-1.json	F	https://github.com/amaybaum/incompleteness/pull/782#issuecomment-5951238919
CMP-1.json	E	https://github.com/amaybaum/incompleteness/pull/782#issuecomment-5951239651
COMP-1.json	F	https://github.com/amaybaum/incompleteness/pull/789#issuecomment-5989065347
COMP-1.json	E	https://github.com/amaybaum/incompleteness/pull/789#issuecomment-5989740141
CONSC-2.json	F	https://github.com/amaybaum/incompleteness/pull/792#issuecomment-5998740445
CONSC-2.json	E	https://github.com/amaybaum/incompleteness/pull/792#issuecomment-5999333458
DIM-1.json	F	https://github.com/amaybaum/incompleteness/pull/791#issuecomment-5994580757
DIM-1.json	E	https://github.com/amaybaum/incompleteness/pull/791#issuecomment-5994581420
EFF-1.json	F	https://github.com/amaybaum/incompleteness/pull/795#issuecomment-6010033049
EFF-1.json	E	https://github.com/amaybaum/incompleteness/pull/795#issuecomment-6010357527
IIP-1.json	F	https://github.com/amaybaum/incompleteness/pull/781#issuecomment-5950476570
IIP-1.json	E	https://github.com/amaybaum/incompleteness/pull/781#issuecomment-5950477066
K1-BRIDGE-1.json	F	https://github.com/amaybaum/incompleteness/pull/798#issuecomment-6013691164
K1-BRIDGE-1.json	E	https://github.com/amaybaum/incompleteness/pull/798#issuecomment-6014720829
K1-SHARP-TESTS-1.json	F	https://github.com/amaybaum/incompleteness/pull/801#issuecomment-6022472726
K1-SHARP-TESTS-1.json	E	https://github.com/amaybaum/incompleteness/pull/801#issuecomment-6023324441
K2-GUARD-1.json	F	https://github.com/amaybaum/incompleteness/pull/800#issuecomment-6018530610
K2-GUARD-1.json	E	https://github.com/amaybaum/incompleteness/pull/800#issuecomment-6019831293
KINF-1.json	F	https://github.com/amaybaum/incompleteness/pull/773#issuecomment-5919730077
KINF-2.json	F	https://github.com/amaybaum/incompleteness/pull/777#issuecomment-5931592981
KINF-2.json	E	https://github.com/amaybaum/incompleteness/pull/777#issuecomment-5932247164
KTRANS-DENSE-1.json	F	https://github.com/amaybaum/incompleteness/pull/802#issuecomment-6031415088
KTRANS-DENSE-1.json	E	https://github.com/amaybaum/incompleteness/pull/802#issuecomment-6032006601
L3B.json	F	https://github.com/amaybaum/incompleteness/pull/786#issuecomment-5981807472
L3B.json	E	https://github.com/amaybaum/incompleteness/pull/786#issuecomment-5981807773
NB-1.json	F	https://github.com/amaybaum/incompleteness/pull/772#issuecomment-5916238987
NB-1.json	E	https://github.com/amaybaum/incompleteness/pull/772#issuecomment-5916167442
ODD-CHAR-1.json	F	https://github.com/amaybaum/incompleteness/pull/804#issuecomment-6043156450
ODD-CHAR-1.json	E	https://github.com/amaybaum/incompleteness/pull/804#issuecomment-6044881885
OG-1.json	F	https://github.com/amaybaum/incompleteness/pull/780#issuecomment-5946342269
OG-1.json	E	https://github.com/amaybaum/incompleteness/pull/780#issuecomment-5946342541
OPACT-1.json	F	https://github.com/amaybaum/incompleteness/pull/783#issuecomment-5955168404
OPACT-1.json	E	https://github.com/amaybaum/incompleteness/pull/783#issuecomment-5956195872
ORD-1.json	F	https://github.com/amaybaum/incompleteness/pull/788#issuecomment-5984450815
ORD-1.json	E	https://github.com/amaybaum/incompleteness/pull/788#issuecomment-5987494555
PARITY-NOT-1.json	F	https://github.com/amaybaum/incompleteness/pull/803#issuecomment-6037665955
PARITY-NOT-1.json	E	https://github.com/amaybaum/incompleteness/pull/803#issuecomment-6038436639
RELC-SELECT-1.json	F	https://github.com/amaybaum/incompleteness/pull/805#issuecomment-6052968158
RELC-SELECT-1.json	E	https://github.com/amaybaum/incompleteness/pull/805#issuecomment-6054210214
TRB-1.json	F	https://github.com/amaybaum/incompleteness/pull/787#issuecomment-5983275605
TRB-1.json	E	https://github.com/amaybaum/incompleteness/pull/787#issuecomment-5983766056
V3-10.json	F	https://github.com/amaybaum/incompleteness/pull/741#issuecomment-5828013851
V3-10.json	E	https://github.com/amaybaum/incompleteness/pull/741#issuecomment-5828519107
V3-11.json	F	https://github.com/amaybaum/incompleteness/pull/742#issuecomment-5830667951
V3-11.json	E	https://github.com/amaybaum/incompleteness/pull/742#issuecomment-5830695366
V3-12.json	F	https://github.com/amaybaum/incompleteness/pull/743#issuecomment-5833297294
V3-12.json	E	https://github.com/amaybaum/incompleteness/pull/743#issuecomment-5833767913
V3-13.json	F	https://github.com/amaybaum/incompleteness/pull/744#issuecomment-5836716920
V3-14.json	F	https://github.com/amaybaum/incompleteness/pull/746#issuecomment-5842974310
V3-14.json	E	https://github.com/amaybaum/incompleteness/pull/746#issuecomment-5843133801
